{"cameraMode":{"drawMode":0,"name":"Shaded","section":"Shading Mode"},"sceneLighting":true,"audioPlay":false,"sceneViewState":{"showFog":true,"showMaterialUpdate":false,"showSkybox":true,"showFlares":true,"showImageEffects":true,"showParticleSystems":true},"in2DMode":false,"pivot":{"x":16.01744842529297,"y":11.796492576599121,"z":4.154538154602051},"rotation":{"x":-0.07430000603199005,"y":0.9080076217651367,"z":-0.18246501684188844,"w":-0.3697417378425598},"size":16.30109977722168,"orthographic":false}